Factor,Intercept_Ann%,Intercept_t,R2,SMB,SMB_t,HML_DEV,HML_DEV_t,RMW,RMW_t,CMA,CMA_t,MKT,MKT_t
MKT,9.348484737269317,5.227277404829763,0.21036737995841004,0.28308282217379505,5.448766821589074,16.736760435764996,3.4222773817651464,-0.24351316887092397,-3.4650594523911664,-0.8810401848080281,-10.47465029570651,,
SMB,2.636133391020155,2.0939896996587506,0.17557885222594583,,,9.097909366390633,2.6749880328493805,-0.4216955797890969,-9.046954883166638,-0.10567285036090851,-1.6944082626357,0.13608295612035215,5.448766821589194
HML_DEV,-0.007276408803202563,-0.5362200514055108,0.29930070638022643,0.0010512600786009964,2.6749880328493587,,,0.0005285620996524804,1.0017478971389733,0.009865167003408268,17.44394043066679,0.0009296729279084551,3.4222773817651504
RMW,4.495076747800533,4.834628726756682,0.13682946470073187,-0.23587749280716466,-9.046954883166672,2.5586737093398644,1.0017478971390115,,,-0.10811645626428296,-2.3218657694068288,-0.06547871149003096,-3.4650594523911336
CMA,3.3576421392384295,4.587062877006863,0.382980480725853,-0.036523724639266814,-1.6944082626358081,29.50852578232159,17.44394043066679,-0.06680607951143828,-2.3218657694071134,,,-0.14638533583889826,-10.474650295706512
