,alpha,tstat
NoDur,-0.0010385597460946098,-1.281500311302395
Durbl,-7.003745571899834e-05,-0.03938768699012944
Manuf,-0.0018742187968652146,-3.1128498871915533
Enrgy,-0.0019608211591309265,-1.1525438334876181
HiTec,0.004377631651752561,4.373696044462571
Telcm,0.0006328394248740429,0.5440534778178766
Shops,0.000456824838661629,0.4994054805654403
Hlth,0.0009837045813950052,0.8765607137135264
Utils,-0.0008387389873391025,-0.7079193370061525
Other,-0.0016356466719716677,-2.6570729637666095
