Factor,Intercept_Ann%,Intercept_t,R2,SMB,SMB_t,HML_DEV,HML_DEV_t,RMW,RMW_t,CMA,CMA_t,UMD,UMD_t,MKT,MKT_t
MKT,10.542913259631082,5.8060950697397615,0.2212071890150188,0.2911897392121885,5.633132194719255,-0.33008521973040567,-0.04581840515126244,-0.2193207767590382,-3.1222037278007684,-0.7310229184689941,-7.633032670434347,-0.16593631302971049,-3.209339851940453,,
SMB,2.062345774043713,1.5977867394192948,0.17976763738164747,,,16.18479175761982,3.2490439966072096,-0.4283859895158284,-9.182617347233444,-0.16356748219747072,-2.3703244392095306,0.07029965808334879,1.9439784779768579,0.14120731970818867,5.633132194719185
HML_DEV,0.03887827134205304,4.151050186797821,0.6760600013975386,0.0008690020514444329,3.2490439966071993,,,0.0009101864264088083,2.533659022006918,0.008965304349559883,23.225763483409924,-0.0052991562165839706,-29.33699046311085,-8.594505745714482e-06,-0.045818405151258096
RMW,3.913565553967366,4.099928787808003,0.1442176867594125,-0.23878202740872323,-9.182617347233437,9.448939003324218,2.5336590220069106,,,-0.16381272125917384,-3.1893140647166267,0.06812218767367895,2.5275757302039104,-0.05928260704303035,-3.1222037278007604
CMA,0.9070463856744506,1.3234264816940209,0.4997581121304544,-0.046068278236158916,-2.3703244392097047,47.02798425445306,23.225763483409914,-0.0827725358843521,-3.189314064717384,,,0.22770188061159277,13.143337609401001,-0.09984289096044005,-7.633032670433807
UMD,7.971500204720458,6.238248335557157,0.5559339526490072,0.07227460876546779,1.9439784779770095,-101.46717600105579,-29.336990463110848,0.12564775882112073,2.527575730204016,0.8311781953372376,13.143337609401138,,,-0.08272849335524124,-3.2093398519405123
